<package>
  <description brief="App Manager for Android">

    Client side code for accessing the app manager from Android, plus some client apps which use it.

  </description>
  <author>Dave Hershberger/hersh@willowgarage.com, Ken Conley/kwc@willowgarage.com</author>
  <license>BSD</license>
  <review status="unreviewed" notes=""/>
  <url>http://ros.org/wiki/appman_android</url>
  <depend package="appmanandroid"/>

  <!-- msg dependencies -->
  <depend package="map_store" />

  <export>
    <rosjava-android-app target="android-9" />
    <rosjava-src location="library/src" />
    <rosjava-android path="library" />
  </export>
</package>
